{"title":"Real Estate Showcase","data":{"panoid":"pano11852","autoLoad":true,"hfov":"","maxHfov":"","minHfov":"","showControls":true,"customcontrol":{"panupSwitch":"off","panupColor":"#f7fffb","panupIcon":"fas fa-angle-up","panDownSwitch":"off","panDownColor":"#f7fffb","panDownIcon":"fas fa-angle-down","panLeftSwitch":"off","panLeftColor":"#f7fffb","panLeftIcon":"fas fa-angle-left","panRightSwitch":"off","panRightColor":"#f7fffb","panRightIcon":"fas fa-angle-right","panZoomInSwitch":"off","panZoomInColor":"#f7fffb","panZoomInIcon":"fas fa-plus-circle","panZoomOutSwitch":"off","panZoomOutColor":"#f7fffb","panZoomOutIcon":"fas fa-minus-circle","panFullscreenSwitch":"off","panFullscreenColor":"#f7fffb","panFullscreenIcon":"fas fa-expand","gyroscopeSwitch":"off","gyroscopeColor":"#f7fffb","gyroscopeIcon":"fas fa-dot-circle","backToHomeSwitch":"off","backToHomeColor":"#f7fffb","backToHomeIcon":"fas fa-home","explainerSwitch":"off","explainerColor":"#f7fffb","explainerIcon":"fas fa-video"},"preview":"","defaultscene":"S1","scenefadeduration":"","panodata":{"scene-list":{"1":{"scene-id":"S1","scene-ititle":"","scene-author":"","scene-author-url":"","scene-vaov":"","scene-haov":"","scene-vertical-offset":"","scene-pitch":"","scene-yaw":"","scene-maxpitch":"","scene-minpitch":"","scene-maxyaw":"","scene-minyaw":"","scene-zoom":"","scene-maxzoom":"","scene-minzoom":"","hotspot-list":[{"hotspot-title":"H1","hotspot-pitch":" 17.072449378884063","hotspot-yaw":" 82.0138741886905","hotspot-customclass":"","hotspot-border-width":"1","hotspot-scene":"S2","hotspot-scene-pitch":"","hotspot-scene-yaw":"","hotspot-url":"","hotspot-content":"","hotspot-hover":"<img src=\"https:\/\/showcase.rextheme.com\/wp-content\/uploads\/2020\/09\/Stairs.png\" \n\nstyle=\"width:300px; height:150px; margin: 5px auto;\">\n\n<p style=\"width:200px;\">View From Stairs<\/p>","hotspot-customclass-pro":"none","hotspot-blink":"on","hotspot-shape":"round","hotspot-border":"off","hotspot-border-style":"none","hotspot-type":"scene","hotspot-scene-list":"none","hotspot-customclass-color-icon-value":"#00b4ff","hotspot-custom-icon-color-value":"#ffffff","hotspot-border-color":"#00b4ff","wpvr_url_open":[]},{"hotspot-title":"H2","hotspot-pitch":" -8.239885926956598","hotspot-yaw":" -32.11608259919227","hotspot-customclass":"","hotspot-border-width":"1","hotspot-scene":"S3","hotspot-scene-pitch":"","hotspot-scene-yaw":"","hotspot-url":"","hotspot-content":"","hotspot-hover":"<img src=\"https:\/\/showcase.rextheme.com\/wp-content\/uploads\/2020\/09\/Bedroom.png\"\n\nstyle=\"width:300px; height:150px; margin: 5px auto;\">\n\n<p style=\"width:200px;\">View Bedroom<\/p>","hotspot-customclass-pro":"none","hotspot-blink":"on","hotspot-shape":"round","hotspot-border":"off","hotspot-border-style":"none","hotspot-type":"scene","hotspot-scene-list":"none","hotspot-customclass-color-icon-value":"#00b4ff","hotspot-custom-icon-color-value":"#ffffff","hotspot-border-color":"#00b4ff","wpvr_url_open":[]},{"hotspot-title":"Wine","hotspot-pitch":" -15.274390385622993","hotspot-yaw":" -125.26775566976619","hotspot-customclass":"","hotspot-border-width":"1","hotspot-scene":"","hotspot-scene-pitch":"","hotspot-scene-yaw":"","hotspot-url":"","hotspot-content":"","hotspot-hover":"<img src=\"https:\/\/showcase.rextheme.com\/wp-content\/uploads\/2020\/09\/fine_red_wine_picture_2_167120.jpg\" \n\nstyle=\"width:300px; height:150px; margin: 5px auto;\">\n\n<p style=\"width:100px;\" text-align=center>Wine Bottle<\/p>","hotspot-customclass-pro":"none","hotspot-blink":"on","hotspot-shape":"round","hotspot-border":"off","hotspot-border-style":"none","hotspot-type":"info","hotspot-scene-list":"none","hotspot-customclass-color-icon-value":"#00b4ff","hotspot-custom-icon-color-value":"#ffffff","hotspot-border-color":"#00b4ff","wpvr_url_open":[]},{"hotspot-title":"TV","hotspot-pitch":" -0.557549712167475","hotspot-yaw":" 58.10149597700497","hotspot-customclass":"","hotspot-border-width":"1","hotspot-scene":"","hotspot-scene-pitch":"","hotspot-scene-yaw":"","hotspot-url":"","hotspot-content":"","hotspot-hover":"Smart TV","hotspot-customclass-pro":"none","hotspot-blink":"on","hotspot-shape":"round","hotspot-border":"off","hotspot-border-style":"none","hotspot-type":"info","hotspot-scene-list":"none","hotspot-customclass-color-icon-value":"#00b4ff","hotspot-custom-icon-color-value":"#ffffff","hotspot-border-color":"#00b4ff","wpvr_url_open":[]},{"hotspot-title":"Plant","hotspot-pitch":" -11.017228476410455","hotspot-yaw":" 76.79947553780842","hotspot-customclass":"","hotspot-border-width":"1","hotspot-scene":"","hotspot-scene-pitch":"","hotspot-scene-yaw":"","hotspot-url":"","hotspot-content":"","hotspot-hover":"A House Plant","hotspot-customclass-pro":"none","hotspot-blink":"on","hotspot-shape":"round","hotspot-border":"off","hotspot-border-style":"none","hotspot-type":"info","hotspot-scene-list":"none","hotspot-customclass-color-icon-value":"#00b4ff","hotspot-custom-icon-color-value":"#ffffff","hotspot-border-color":"#00b4ff","wpvr_url_open":[]}],"scene-type":"equirectangular","dscene":"on","ptyscene":"off","cvgscene":"off","chgscene":"off","czscene":"off","scene-attachment-url":"http:\/\/my-test-site.local\/wp-content\/uploads\/2025\/03\/Real-Estate-S1.jpg","scene-attachment-url-face0":"","scene-attachment-url-face1":"","scene-attachment-url-face2":"","scene-attachment-url-face3":"","scene-attachment-url-face4":"","scene-attachment-url-face5":""},"2":{"scene-id":"S2","scene-ititle":"","scene-author":"","scene-author-url":"","scene-vaov":"","scene-haov":"","scene-vertical-offset":"","scene-pitch":"","scene-yaw":"","scene-maxpitch":"","scene-minpitch":"","scene-maxyaw":"","scene-minyaw":"","scene-zoom":"","scene-maxzoom":"","scene-minzoom":"","hotspot-list":[{"hotspot-title":"H3","hotspot-pitch":" -26.895089776082646","hotspot-yaw":" -34.905412632372396","hotspot-customclass":"","hotspot-border-width":"1","hotspot-scene":"S1","hotspot-scene-pitch":"","hotspot-scene-yaw":"","hotspot-url":"","hotspot-content":"","hotspot-hover":"<img src=\"https:\/\/showcase.rextheme.com\/wp-content\/uploads\/2020\/09\/Living-Room.png\" \n\nstyle=\"width:300px; height:150px; margin: 5px auto;\">\n\n<p style=\"width:200px;\">View Living Room<\/p>","hotspot-customclass-pro":"none","hotspot-blink":"on","hotspot-shape":"round","hotspot-border":"off","hotspot-border-style":"none","hotspot-type":"scene","hotspot-scene-list":"none","hotspot-customclass-color-icon-value":"#00b4ff","hotspot-custom-icon-color-value":"#ffffff","hotspot-border-color":"#00b4ff","wpvr_url_open":[]},{"hotspot-title":"H5","hotspot-pitch":" 12.073138770850921","hotspot-yaw":" 17.03432942701051","hotspot-customclass":"","hotspot-border-width":"1","hotspot-scene":"S4","hotspot-scene-pitch":"","hotspot-scene-yaw":"","hotspot-url":"","hotspot-content":"","hotspot-hover":"<img src=\"https:\/\/showcase.rextheme.com\/wp-content\/uploads\/2020\/09\/Kids-Room.png\" \n\nstyle=\"width:300px; height:150px; margin: 5px auto;\">\n\n<p style=\"width:200px;\">View Kids Room<\/p>","hotspot-customclass-pro":"none","hotspot-blink":"on","hotspot-shape":"round","hotspot-border":"off","hotspot-border-style":"none","hotspot-type":"scene","hotspot-scene-list":"none","hotspot-customclass-color-icon-value":"#00b4ff","hotspot-custom-icon-color-value":"#ffffff","hotspot-border-color":"#00b4ff","wpvr_url_open":[]}],"scene-type":"equirectangular","dscene":"off","ptyscene":"off","cvgscene":"off","chgscene":"off","czscene":"off","scene-attachment-url":"http:\/\/my-test-site.local\/wp-content\/uploads\/2025\/03\/Real-Estate-S2.jpg","scene-attachment-url-face0":"","scene-attachment-url-face1":"","scene-attachment-url-face2":"","scene-attachment-url-face3":"","scene-attachment-url-face4":"","scene-attachment-url-face5":""},"3":{"scene-id":"S3","scene-ititle":"","scene-author":"","scene-author-url":"","scene-vaov":"","scene-haov":"","scene-vertical-offset":"","scene-pitch":"","scene-yaw":"","scene-maxpitch":"","scene-minpitch":"","scene-maxyaw":"","scene-minyaw":"","scene-zoom":"","scene-maxzoom":"","scene-minzoom":"","hotspot-list":[{"hotspot-title":"H4","hotspot-pitch":" -14.203488180820523","hotspot-yaw":" -122.25605827638603","hotspot-customclass":"","hotspot-border-width":"1","hotspot-scene":"S1","hotspot-scene-pitch":"","hotspot-scene-yaw":"","hotspot-url":"","hotspot-content":"","hotspot-hover":"<img src=\"https:\/\/showcase.rextheme.com\/wp-content\/uploads\/2020\/09\/Living-Room.png\" \n\nstyle=\"width:300px; height:150px; margin: 5px auto;\">\n\n<p style=\"width:200px;\">View Living Room<\/p>","hotspot-customclass-pro":"none","hotspot-blink":"on","hotspot-shape":"round","hotspot-border":"off","hotspot-border-style":"none","hotspot-type":"scene","hotspot-scene-list":"none","hotspot-customclass-color-icon-value":"#00b4ff","hotspot-custom-icon-color-value":"#ffffff","hotspot-border-color":"#00b4ff","wpvr_url_open":[]},{"hotspot-title":"KingBed","hotspot-pitch":" -33.62031935242885","hotspot-yaw":" -14.986118632491376","hotspot-customclass":"","hotspot-border-width":"1","hotspot-scene":"","hotspot-scene-pitch":"","hotspot-scene-yaw":"","hotspot-url":"","hotspot-content":"","hotspot-hover":"King Size Bed","hotspot-customclass-pro":"none","hotspot-blink":"on","hotspot-shape":"round","hotspot-border":"off","hotspot-border-style":"none","hotspot-type":"info","hotspot-scene-list":"none","hotspot-customclass-color-icon-value":"#00b4ff","hotspot-custom-icon-color-value":"#ffffff","hotspot-border-color":"#00b4ff","wpvr_url_open":[]},{"hotspot-title":"ArtLamp","hotspot-pitch":" -14.786180248264781","hotspot-yaw":" 33.043354605826856","hotspot-customclass":"","hotspot-border-width":"1","hotspot-scene":"","hotspot-scene-pitch":"","hotspot-scene-yaw":"","hotspot-url":"","hotspot-content":"","hotspot-hover":"Artistic Lamp","hotspot-customclass-pro":"none","hotspot-blink":"on","hotspot-shape":"round","hotspot-border":"off","hotspot-border-style":"none","hotspot-type":"info","hotspot-scene-list":"none","hotspot-customclass-color-icon-value":"#00b4ff","hotspot-custom-icon-color-value":"#ffffff","hotspot-border-color":"#00b4ff","wpvr_url_open":[]},{"hotspot-title":"TableLamp","hotspot-pitch":" -1.2711990997613092","hotspot-yaw":" -36.24211451864137","hotspot-customclass":"","hotspot-border-width":"1","hotspot-scene":"","hotspot-scene-pitch":"","hotspot-scene-yaw":"","hotspot-url":"","hotspot-content":"","hotspot-hover":"Table Lamp","hotspot-customclass-pro":"none","hotspot-blink":"on","hotspot-shape":"round","hotspot-border":"off","hotspot-border-style":"none","hotspot-type":"info","hotspot-scene-list":"none","hotspot-customclass-color-icon-value":"#00b4ff","hotspot-custom-icon-color-value":"#ffffff","hotspot-border-color":"#00b4ff","wpvr_url_open":[]},{"hotspot-title":"FlowerVass","hotspot-pitch":" -42.24630547025387","hotspot-yaw":" -99.56890136076328","hotspot-customclass":"","hotspot-border-width":"1","hotspot-scene":"","hotspot-scene-pitch":"","hotspot-scene-yaw":"","hotspot-url":"","hotspot-content":"","hotspot-hover":"Flower Vass","hotspot-customclass-pro":"none","hotspot-blink":"on","hotspot-shape":"round","hotspot-border":"off","hotspot-border-style":"none","hotspot-type":"info","hotspot-scene-list":"none","hotspot-customclass-color-icon-value":"#00b4ff","hotspot-custom-icon-color-value":"#ffffff","hotspot-border-color":"#00b4ff","wpvr_url_open":[]}],"scene-type":"equirectangular","dscene":"off","ptyscene":"off","cvgscene":"off","chgscene":"off","czscene":"off","scene-attachment-url":"http:\/\/my-test-site.local\/wp-content\/uploads\/2025\/03\/Real-Estate-S3.jpg","scene-attachment-url-face0":"","scene-attachment-url-face1":"","scene-attachment-url-face2":"","scene-attachment-url-face3":"","scene-attachment-url-face4":"","scene-attachment-url-face5":""},"4":{"scene-id":"S4","scene-ititle":"","scene-author":"","scene-author-url":"","scene-vaov":"","scene-haov":"","scene-vertical-offset":"","scene-pitch":"","scene-yaw":"","scene-maxpitch":"","scene-minpitch":"","scene-maxyaw":"","scene-minyaw":"","scene-zoom":"","scene-maxzoom":"","scene-minzoom":"","hotspot-list":[{"hotspot-title":"H6","hotspot-pitch":" -7.402227093091123","hotspot-yaw":" -37.07945009584115","hotspot-customclass":"","hotspot-border-width":"1","hotspot-scene":"S2","hotspot-scene-pitch":"","hotspot-scene-yaw":"","hotspot-url":"","hotspot-content":"","hotspot-hover":"<img src=\"https:\/\/showcase.rextheme.com\/wp-content\/uploads\/2020\/09\/Stairs.png\" \n\nstyle=\"width:300px; height:150px; margin: 5px auto;\">\n\n<p style=\"width:200px;\">View From Stairs<\/p>","hotspot-customclass-pro":"none","hotspot-blink":"on","hotspot-shape":"round","hotspot-border":"off","hotspot-border-style":"none","hotspot-type":"scene","hotspot-scene-list":"none","hotspot-customclass-color-icon-value":"#00b4ff","hotspot-custom-icon-color-value":"#ffffff","hotspot-border-color":"#00b4ff","wpvr_url_open":[]},{"hotspot-title":"KidsBed","hotspot-pitch":" -31.414640471608063","hotspot-yaw":" 46.92251321720715","hotspot-customclass":"","hotspot-border-width":"1","hotspot-scene":"","hotspot-scene-pitch":"","hotspot-scene-yaw":"","hotspot-url":"","hotspot-content":"","hotspot-hover":"Kids Bed","hotspot-customclass-pro":"none","hotspot-blink":"on","hotspot-shape":"round","hotspot-border":"off","hotspot-border-style":"none","hotspot-type":"info","hotspot-scene-list":"none","hotspot-customclass-color-icon-value":"#00b4ff","hotspot-custom-icon-color-value":"#ffffff","hotspot-border-color":"#00b4ff","wpvr_url_open":[]},{"hotspot-title":"ToyCar","hotspot-pitch":" -42.130144253928684","hotspot-yaw":" 118.0849791181302","hotspot-customclass":"","hotspot-border-width":"1","hotspot-scene":"","hotspot-scene-pitch":"","hotspot-scene-yaw":"","hotspot-url":"","hotspot-content":"","hotspot-hover":"Toy Car","hotspot-customclass-pro":"none","hotspot-blink":"on","hotspot-shape":"round","hotspot-border":"off","hotspot-border-style":"none","hotspot-type":"info","hotspot-scene-list":"none","hotspot-customclass-color-icon-value":"#00b4ff","hotspot-custom-icon-color-value":"#ffffff","hotspot-border-color":"#00b4ff","wpvr_url_open":[]},{"hotspot-title":"Balcony","hotspot-pitch":" -16.128400644649986","hotspot-yaw":" 150.0170122867024","hotspot-customclass":"","hotspot-border-width":"1","hotspot-scene":"","hotspot-scene-pitch":"","hotspot-scene-yaw":"","hotspot-url":"","hotspot-content":"","hotspot-hover":"Balcony","hotspot-customclass-pro":"none","hotspot-blink":"on","hotspot-shape":"round","hotspot-border":"off","hotspot-border-style":"none","hotspot-type":"info","hotspot-scene-list":"none","hotspot-customclass-color-icon-value":"#00b4ff","hotspot-custom-icon-color-value":"#ffffff","hotspot-border-color":"#00b4ff","wpvr_url_open":[]},{"hotspot-title":"CupBoard","hotspot-pitch":" -10.663176418146252","hotspot-yaw":" -13.27056001235053","hotspot-customclass":"","hotspot-border-width":"1","hotspot-scene":"","hotspot-scene-pitch":"","hotspot-scene-yaw":"","hotspot-url":"","hotspot-content":"","hotspot-hover":"Cup","hotspot-customclass-pro":"none","hotspot-blink":"on","hotspot-shape":"round","hotspot-border":"off","hotspot-border-style":"none","hotspot-type":"info","hotspot-scene-list":"none","hotspot-customclass-color-icon-value":"#00b4ff","hotspot-custom-icon-color-value":"#ffffff","hotspot-border-color":"#00b4ff","wpvr_url_open":[]}],"scene-type":"equirectangular","dscene":"off","ptyscene":"off","cvgscene":"off","chgscene":"off","czscene":"off","scene-attachment-url":"http:\/\/my-test-site.local\/wp-content\/uploads\/2025\/03\/Real-Estate-S4.jpg","scene-attachment-url-face0":"","scene-attachment-url-face1":"","scene-attachment-url-face2":"","scene-attachment-url-face3":"","scene-attachment-url-face4":"","scene-attachment-url-face5":""}}},"previewtext":"Click To Load Panorama","bg_tour_enabler":"off","bg_tour_navmenu":null,"bg_tour_title":"","bg_tour_subtitle":"","floor_plan_tour_enabler":"off","floor_plan_attachment_url":"","floor_plan_data_list":[],"streetview":"off","streetviewurl":null,"diskeyboard":"off","keyboardzoom":true,"draggable":"on","mouseZoom":"on","gyro":false,"deviceorientationcontrol":false,"compass":false,"vrgallery":false,"vrgallery_title":false,"vrgallery_display":false,"vrgallery_icon_size":false,"bg_music":"off","autoplay_bg_music":"off","loop_bg_music":"off","bg_music_url":"","cpLogoSwitch":"off","cpLogoImg":"","cpLogoContent":"","explainerSwitch":"off","explainerContent":"","genericform":"off","genericformshortcode":"","floor_plan_pointer_position":[],"floor_plan_custom_color":"","calltoaction":"off","buttontext":"Click Here","buttonurl":"","scene_navigation":"off","customcss_enable":"off","customcss":"","button_configuration":{"button_open_new_tab":"off","button_alignment":"left","button_font_size":"14","button_font_weight":"","button_transform":"none","button_text_style":"normal","button_text_decoration":"none","button_background_color":"#201cfe","button_font_color":"#ffffff","button_line_height":"1","button_letter_spacing":"1","button_word_spacing":"0","button_border_width":"1","button_border_style":"solid","button_border_color":"#201cfe","button_border_radius":"6","button_pt":"10","button_pr":"15","button_pb":"10","button_pl":"15"},"wpvr_social_share":"off","scene_navigation_content_type":"scene_id","tourLayout":{"layout":"default","layout_icon_bg_color":"#5a536e","layout_icon_color":"#ffffff"},"sceneAnimation":"off","sceneAnimationName":"none","sceneAnimationTransitionDuration":"500","sceneAnimationTransitionDelay":"0"}}